,Topic,Count,Name
0,0,63514,0_compounds_diseases_useful_pharmaceutical
1,1,63149,1_memory_cache_instruction_data
2,2,62481,2_antibodies_invention_methods_cells
3,3,62452,3_acid_composition_compositions_weight
4,4,61283,4_gene_protein_expression_nucleic
5,5,61166,5_member_support_end_frame
6,6,60586,6_shaft_gear_position_wheel
7,7,59847,7_end_member_portion_bone
8,8,59637,8_portion_member_end_extending
9,9,58100,9_data_storage_file_memory
10,10,57550,10_light_image_optical_beam
11,11,57157,11_network_wireless_station_communication
12,12,56885,12_light_optical_lens_beam
13,13,56744,13_compounds_formula_alkyl_substituted
14,14,56494,14_seat_wheel_shaft_member
15,15,55121,15_end_portion_body_member
16,16,54295,16_voltage_power_circuit_current
17,17,53944,17_image_image data_unit_color
18,18,53880,18_composition_weight_polymer_resin
19,19,53835,19_valve_flow_fluid_chamber
20,20,53400,20_member_support_end_assembly
21,21,53015,21_network_communication_wireless_station
22,22,52813,22_light_optical_lens_beam
23,23,52605,23_composition_weight_polymer_compositions
24,24,51967,24_member_end_portion_support
25,25,50995,25_voltage_circuit_output_amplifier
26,26,50723,26_network_packet_node_data
27,27,49567,27_fluid_liquid_chamber_container
28,28,49032,28_alloy_steel_material_wt
29,29,48897,29_user_data_application_content
30,30,48562,30_image_unit_image forming_apparatus
31,31,48542,31_shaft_position_wheel_seat
32,32,48364,32_fuel_valve_air_engine
33,33,47862,33_member_end_locking_support
34,34,47539,34_image_color_pixel_images
35,35,47115,35_data_server_file_storage
36,36,47042,36_vehicle_motor_speed_control
37,37,47006,37_composition_polymer_resin_weight
38,38,46780,38_gas_water_chamber_liquid
39,39,46775,39_network_mobile_service_message
40,40,46484,40_service_server_user_network
41,41,46440,41_wireless_signal_transmission_channel
42,42,46388,42_memory_data_storage_processor
43,43,46363,43_lens_light_optical_lens group
44,44,46111,44_fluid_liquid_chamber_flow
45,45,45769,45_fuel_air_gas_heat
46,46,45413,46_semiconductor_gate_region_layer
47,47,45383,47_compositions_pharmaceutical_invention_methods
48,48,45352,48_light_optical_crystal_liquid crystal
49,49,45262,49_valve_piston_fluid_flow
50,50,45224,50_speed_torque_motor_engine
51,51,45210,51_acid_formula_group_compound
52,52,44995,52_power_voltage_battery_current
53,53,44500,53_user_information_content_data
54,54,44385,54_gas_air_heat_fuel
55,55,44241,55_semiconductor_layer_substrate_semiconductor device
56,56,43953,56_alkyl_group_hydrogen_substituted
57,57,43733,57_communication_wireless_signal_radio
58,58,43708,58_liquid crystal_substrate_crystal_display
59,59,43208,59_data_database_file_computer
60,60,43187,60_data_storage_computer_information
61,61,43157,61_end_member_portion_support
62,62,43053,62_light_optical_laser_beam
63,63,42877,63_shaft_roller_rotor_blade
64,64,42657,64_image_light_optical_beam
65,65,42645,65_layer_semiconductor_substrate_gate
66,66,42517,66_engine_fuel_combustion_control
67,67,42164,67_network_user_mobile_communication
68,68,41638,68_member_end_portion_conveyor
69,69,41443,69_user_mobile_device_information
70,70,41429,70_bearing_shaft_rotor_machine
71,71,41360,71_user_data_information_based
72,72,41134,72_information_data_processing_user
73,73,41068,73_material_coating_particles_resin
74,74,40910,74_shaft_motor_drive_gear
75,75,40884,75_catalyst_process_solution_aqueous
76,76,40169,76_fluid_catheter_container_blood
77,77,40014,77_portion_sheet_material_surface
78,78,39986,78_end_valve_member_fluid
79,79,39981,79_fiber_optical_light_optical fiber
80,80,39967,80_catalyst_acid_compound_composition
81,81,39728,81_connector_electrical_contact_housing
82,82,38560,82_compositions_invention_composition_methods
83,83,38505,83_gear_shaft_drive_motor
84,84,38450,84_valve_seal_end_tube
85,85,38366,85_sample_methods_nucleic_invention
86,86,38144,86_user_device_information_data
87,87,38049,87_end_member_distal_portion
88,88,37983,88_network_data_packet_server
89,89,37540,89_member_support_position_portion
90,90,37520,90_voltage_circuit_current_output
91,91,37496,91_coating_film_layer_substrate
92,92,37351,92_antenna_conductor_conductive_ground
93,93,36793,93_image_object_camera_images
94,94,36588,94_container_portion_wall_material
95,95,36571,95_position_device_support_strap
96,96,36335,96_layer_substrate_semiconductor_silicon
97,97,36125,97_material_portion_surface_outer
98,98,36051,98_image_image data_video_data
99,99,35232,99_catheter_needle_distal_tissue
100,100,34775,100_plant_habit_cultivar_new distinct
101,101,34700,101_shaft_bearing_end_assembly
102,102,34515,102_image_video_data_image data
103,103,34455,103_layer_semiconductor_substrate_forming
104,104,34037,104_material_composite_layer_sheet
105,105,33629,105_valve_fluid_end_seal
106,106,33619,106_member_support_position_device
107,107,33274,107_liquid_gas_water_fluid
108,108,33236,108_electrolyte_lithium_electrode_material
109,109,33115,109_acid_compounds_formula_invention
110,110,33057,110_circuit_voltage_transistor_output
111,111,32923,111_gate_region_semiconductor_layer
112,112,32626,112_communication_information_device_data
113,113,32625,113_group_compound_formula_acid
114,114,32519,114_data_network_packet_bus
115,115,32205,115_piston_shaft_valve_cylinder
116,116,32155,116_memory_circuit_memory cell_bit
117,117,32048,117_composition_weight_polymer_resin
118,118,31906,118_flow_pressure_sensor_fluid
119,119,31891,119_layer_semiconductor_substrate_electrode
120,120,31802,120_coating_material_resin_composition
121,121,31617,121_sensor_user_device_vehicle
122,122,31606,122_connector_portion_cable_housing
123,123,30907,123_catalyst_process_solution_mixture
124,124,30882,124_formula_group_alkyl_compound
125,125,30734,125_memory_address_data_logic
126,126,30709,126_portion_edge_outer_end
127,127,30375,127_valve_piston_hydraulic_pressure
128,128,30310,128_connector_cable_housing_contact
129,129,30172,129_light_radiation_sample_imaging
130,130,30079,130_image forming_image_image forming apparatus_forming apparatus
131,131,29883,131_fluid_liquid_sample_flow
132,132,29785,132_pixel_display_signal_voltage
133,133,29627,133_motor_drive_shaft_torque
134,134,29552,134_layer_film_substrate_silicon
135,135,29434,135_layer_substrate_semiconductor_light
136,136,29278,136_display_image_camera_unit
137,137,29226,137_container_material_sealing_seal
138,138,29179,138_signal_frequency_power_signals
139,139,28752,139_material_sheet_surface_layer
140,140,28616,140_layer_film_substrate_coating
141,141,28571,141_container_fluid_dispensing_opening
142,142,28548,142_vehicle_user_information_device
143,143,28483,143_sheet_roller_conveying_conveyor
144,144,28335,144_connector_electrical_housing_contact
145,145,28333,145_information_data_unit_recording
146,146,28188,146_gas_reactor_process_catalyst
147,147,28039,147_signal_frequency_output_circuit
148,148,27898,148_material_core_surface_sheet
149,149,27516,149_sensor_stimulation_electrical_magnetic
150,150,27388,150_signal_optical_signals_frequency
151,151,27305,151_magnetic_position_member_device
152,152,26895,152_voltage_circuit_battery_current
153,153,26818,153_video_data_image_picture
154,154,26756,154_power_battery_voltage_signal
155,155,26579,155_signal_frequency_signals_receiver
156,156,25921,156_layer_substrate_film_material
157,157,25918,157_material_core_layer_metal
158,158,25833,158_video_image_data_user
159,159,25710,159_wireless_communication_device_mobile
160,160,25127,160_motor_power_electric_current
161,161,24662,161_memory_memory cell_cell_memory cells
162,162,24365,162_antenna_conductor_ground_circuit
163,163,24294,163_electrode_lamp_electrodes_piezoelectric
164,164,24269,164_signal_output_frequency_input
165,165,24236,165_electrode_conductive_layer_conductor
166,166,23932,166_organic_layer_substrate_film
167,167,23471,167_electrode_layer_electrolyte_material
168,168,23337,168_signal_light_optical_signals
169,169,23337,169_material_container_mold_liquid
170,170,23245,170_magnetic_electrode_sensor_electrodes
171,171,23222,171_hydraulic_valve_pressure_brake
172,172,23055,172_conductive_layer_substrate_electrode
173,173,22785,173_magnetic_motor_stator_rotor
174,174,22636,174_composition_glass_resin_silver
175,175,22557,175_electrical_electrode_contact_conductive
176,176,22362,176_sample_fluid_liquid_blood
177,177,22324,177_touch_display_sensor_signal
178,178,22175,178_sensor_touch_signal_sensing
179,179,22157,179_electrical_battery_magnetic_electrode
180,180,21435,180_material_container_liquid_heat
181,181,21076,181_touch_sensor_sensing_electrode
182,182,20984,182_data_video_bit_bits
183,183,20743,183_gas_water_stream_liquid
184,184,20574,184_clock_signal_circuit_clock signal
185,185,20085,185_silver_silver halide_halide_layer
186,186,19800,186_electrode_heat_liquid_chamber
187,187,19137,187_magnetic_sensor_electrical_device
188,188,18491,188_electrode_heat_heating_coil
189,189,18149,189_power_wireless_signal_wireless power
190,190,17714,190_group_compound_represents_formula
191,191,17643,191_substrate_material_electrolyte_surface
192,192,17456,192_layer_film_substrate_glass
193,193,17110,193_memory_gate_memory cell_semiconductor
194,194,16317,194_sensor_measuring_pressure_temperature
195,195,16169,195_electrode_layer_substrate_conductive
196,196,15441,196_gas_stream_process_catalyst
197,197,14359,197_electrode_cathode_anode_plasma
198,198,13042,198_analyte_sample_sensor_electrode
199,199,3754,199_soybean_cultivar_plant parts_variety
200,200,3182,200_inbred_corn_plants_plant
201,201,2082,201_maize_plant_maize plant_variety
202,202,1589,202_corn_corn plant_variety_plant variety
203,203,735,203_polypeptides_polypeptides present invention_polypeptides present_polypeptide
204,204,586,204_maize_plant_variety_maize plant
205,205,578,205_patients heart_physicsbased model_patientspecific data_heart based
206,206,575,206_miniature_vein_projection head_glycosyltransferases
207,207,567,207_ett_transmission interval_security platform_eit
208,208,565,208_meloxicam_migraine_pain migraine_secreted proteins
209,209,550,209_dextromethorphan_fixedwing aircraft_pathological conditions_fixedwing
210,210,541,210_caption_caption data_predictive_reference picture
211,211,482,211_vial_lens_lens plastic material_lens plastic
212,212,465,212_aps_suction portion_airfoil_suction
213,213,465,213_frozen particles_plurality player terminals_pictures_player terminals
214,214,463,214_swallowable_intestinal wall_optically sensitive_sponsor
215,215,451,215_peptides_tumorassociated_tcell_stimulate
216,216,443,216_sensor control unit_sensor control_analyte_sensor
217,217,407,217_information layers_wireless service_information layer_conforming plurality
218,218,406,218_smart mirror_payment_insecticidal_buddy
219,219,397,219_compounds_effective compounds_useful_compounds useful
220,220,390,220_vobu_fig_recordingplayback_video data
221,221,384,221_protection data_albumin_arrays_fusion proteins
222,222,368,222_peptides_kinase_peptides present invention_peptides present
223,223,359,223_camera optical lens_lens_camera optical_optical lens
224,224,356,224_target dna_cas9_present disclosure provides_disclosure provides
225,225,345,225_purchase card_prostaglandin analogs_magnetic attachment_analogs
226,226,293,226_staple cartridge_tissue contacting surface_tissue contacting_exterior module
227,227,248,227_block boundary_pesticidal_blocking artifacts_pests
228,228,227,228_programmable key_tree_eliquid_security code
229,229,157,229_file containing_file_information storage medium_information storage
